{
  "resourceType": "Medication",
  "id": "original-med-presc-1",
  "text": {
    "status": "generated",
    "div": "<div xmlns=\"http://www.w3.org/1999/xhtml\"><p><b>Generated Narrative</b></p><div style=\"display: inline-block; background-color: #d9e0e7; padding: 6px; margin: 4px; border: 1px solid #8da1b4; border-radius: 5px; line-height: 60%\"><p style=\"margin-bottom: 0px\">Resource \"original-med-presc-1\" </p></div><p><b>code</b>: Monuril sachet 300 mg 2 units <span style=\"background: LightGoldenRodYellow; margin: 4px; border: 1px solid khaki\"> (product_code#2)</span></p><p><b>status</b>: active</p></div>"
  },
  "code": {
    "coding": [
      {
        "system": "https://products.be/codings/product_code",
        "code": "2",
        "display": "Monuril sachet 300 mg 2 units"
      }
    ]
  },
  "status": "active"
}