<?xml version="1.0" encoding="UTF-8"?>

<CodeSystem xmlns="http://hl7.org/fhir">
  <id value="relationtype-cs"/>
  <text>
    <status value="generated"/><div xmlns="http://www.w3.org/1999/xhtml"><p>This code system http://terminology.hl7.org/CodeSystem/relationtype defines the following codes:</p><table class="codes"><tr><td style="white-space:nowrap"><b>Code</b></td><td><b>Display</b></td><td><b>Definition</b></td></tr><tr><td style="white-space:nowrap">SINGLE<a name="relationtype-cs-SINGLE"> </a></td><td>Direct Translation</td><td>Direct Translation</td></tr><tr><td style="white-space:nowrap">MULTIPLE<a name="relationtype-cs-MULTIPLE"> </a></td><td>One of many possibilities</td><td>One of many possibilities</td></tr><tr><td style="white-space:nowrap">DIFFERENT<a name="relationtype-cs-DIFFERENT"> </a></td><td>Different Drug</td><td>Different Drug</td></tr><tr><td style="white-space:nowrap">DIF_Strength<a name="relationtype-cs-DIF_Strength"> </a></td><td>Different Strength</td><td>Different Strength</td></tr><tr><td style="white-space:nowrap">DIF_BRAND<a name="relationtype-cs-DIF_BRAND"> </a></td><td>Different Brand</td><td>Different Brand</td></tr><tr><td style="white-space:nowrap">DIF_FORM<a name="relationtype-cs-DIF_FORM"> </a></td><td>Different Pharmaceutical Form</td><td>Different Pharmaceutical Form</td></tr><tr><td style="white-space:nowrap">DIF_PACKSIZE<a name="relationtype-cs-DIF_PACKSIZE"> </a></td><td>Different Pack Size</td><td>Different Pack Size</td></tr><tr><td style="white-space:nowrap">DIF_ROUTE<a name="relationtype-cs-DIF_ROUTE"> </a></td><td>Different Administration Route</td><td>Different Administration Route</td></tr></table></div>
  </text>
  <url value="http://terminology.hl7.org/CodeSystem/relationtype"/>
  <version value="1.0.0"/>
  <name value="RelationTypeCS"/>
  <title value="Relation Type for Related Medication Code System"/>
  <status value="active"/>
  <date value="2021-11-25T10:23:53+00:00"/>
  <publisher value="My Organization"/>
  <contact>
    <name value="My Organization"/>
    <telecom>
      <system value="url"/>
      <value value="http://example.com/committees"/>
    </telecom>
    <telecom>
      <system value="email"/>
      <value value="my-group@example.com"/>
    </telecom>
  </contact>
  <contact>
    <name value="Bob Smith"/>
    <telecom>
      <system value="email"/>
      <value value="bobsmith@example.com"/>
      <use value="work"/>
    </telecom>
  </contact>
  <description value="Indicates the relation of the related medication with the original medication"/>
  <jurisdiction>
    <coding>
      <system value="http://unstats.un.org/unsd/methods/m49/m49.htm"/>
      <code value="001"/>
      <display value="World"/>
    </coding>
  </jurisdiction>
  <content value="complete"/>
  <count value="8"/>
  <concept>
    <code value="SINGLE"/>
    <display value="Direct Translation"/>
    <definition value="Direct Translation"/>
  </concept>
  <concept>
    <code value="MULTIPLE"/>
    <display value="One of many possibilities"/>
    <definition value="One of many possibilities"/>
  </concept>
  <concept>
    <code value="DIFFERENT"/>
    <display value="Different Drug"/>
    <definition value="Different Drug"/>
  </concept>
  <concept>
    <code value="DIF_Strength"/>
    <display value="Different Strength"/>
    <definition value="Different Strength"/>
  </concept>
  <concept>
    <code value="DIF_BRAND"/>
    <display value="Different Brand"/>
    <definition value="Different Brand"/>
  </concept>
  <concept>
    <code value="DIF_FORM"/>
    <display value="Different Pharmaceutical Form"/>
    <definition value="Different Pharmaceutical Form"/>
  </concept>
  <concept>
    <code value="DIF_PACKSIZE"/>
    <display value="Different Pack Size"/>
    <definition value="Different Pack Size"/>
  </concept>
  <concept>
    <code value="DIF_ROUTE"/>
    <display value="Different Administration Route"/>
    <definition value="Different Administration Route"/>
  </concept>
</CodeSystem>