<?xml version="1.0" encoding="UTF-8"?>

<Medication xmlns="http://hl7.org/fhir">
  <id value="related-med-3"/>
  <meta>
    <profile value="http://example.com/fhir/example/StructureDefinition/DefinedMed"/>
  </meta>
  <text>
    <status value="generated"/><div xmlns="http://www.w3.org/1999/xhtml"><p><b>Generated Narrative</b></p><div style="display: inline-block; background-color: #d9e0e7; padding: 6px; margin: 4px; border: 1px solid #8da1b4; border-radius: 5px; line-height: 60%"><p style="margin-bottom: 0px">Resource "related-med-3" </p><p style="margin-bottom: 0px">Profile: <a href="StructureDefinition-DefinedMed.html">DefinedMed</a></p></div><p><b>identifier</b>: id: 456</p></div>
  </text>
  <identifier>
    <system value="http://medication-identifiers.com"/>
    <value value="456"/>
  </identifier>
</Medication>