<?xml version="1.0" encoding="UTF-8"?>

<Medication xmlns="http://hl7.org/fhir">
  <id value="example0-related-med-presc-1"/>
  <meta>
    <profile value="http://example.com/fhir/example/StructureDefinition/DefinedMed"/>
  </meta>
  <text>
    <status value="generated"/><div xmlns="http://www.w3.org/1999/xhtml"><p><b>Generated Narrative</b></p><div style="display: inline-block; background-color: #d9e0e7; padding: 6px; margin: 4px; border: 1px solid #8da1b4; border-radius: 5px; line-height: 60%"><p style="margin-bottom: 0px">Resource "example0-related-med-presc-1" </p><p style="margin-bottom: 0px">Profile: <a href="StructureDefinition-DefinedMed.html">DefinedMed</a></p></div><p><b>code</b>: Paracetamol 500 mg Tablets <span style="background: LightGoldenRodYellow; margin: 4px; border: 1px solid khaki"> (phpid#Ab350)</span></p><p><b>status</b>: active</p><p><b>form</b>: Tablet <span style="background: LightGoldenRodYellow; margin: 4px; border: 1px solid khaki"> (PAC#10219000)</span></p><h3>Ingredients</h3><table class="grid"><tr><td>-</td><td><b>Item[x]</b></td><td><b>Strength</b></td></tr><tr><td>*</td><td>Paracetamol <span style="background: LightGoldenRodYellow; margin: 4px; border: 1px solid khaki"> (ingredient_code#4A4b)</span></td><td>500 mg<span style="background: LightGoldenRodYellow"> (Details: UCUM code mg = 'mg')</span>/</td></tr></table></div>
  </text>
  <code>
    <coding>
      <system value="https://npech.eu/codings/phpid"/>
      <code value="Ab350"/>
      <display value="Paracetamol 500 mg Tablets"/>
    </coding>
  </code>
  <status value="active"/>
  <form>
    <coding>
      <system value="http://standardterms.edqm.eu/PAC"/>
      <code value="10219000"/>
      <display value="Tablet"/>
    </coding>
  </form>
  <ingredient>
    <itemCodeableConcept>
      <coding>
        <system value="https://npech.eu/codings/ingredient_code"/>
        <code value="4A4b"/>
        <display value="Paracetamol"/>
      </coding>
    </itemCodeableConcept>
    <strength>
      <numerator>
        <value value="500"/>
        <system value="http://unitsofmeasure.org"/>
        <code value="mg"/>
      </numerator>
    </strength>
  </ingredient>
</Medication>