{
  "resourceType": "Medication",
  "id": "example1-original-med-presc",
  "text": {
    "status": "generated",
    "div": "<div xmlns=\"http://www.w3.org/1999/xhtml\"><p><b>Generated Narrative</b></p><div style=\"display: inline-block; background-color: #d9e0e7; padding: 6px; margin: 4px; border: 1px solid #8da1b4; border-radius: 5px; line-height: 60%\"><p style=\"margin-bottom: 0px\">Resource \"example1-original-med-presc\" </p></div><p><b>code</b>: Paracetamol 500 mg comprimidos <span style=\"background: LightGoldenRodYellow; margin: 4px; border: 1px solid khaki\"> (product_code#2)</span></p><p><b>status</b>: active</p><p><b>form</b>: Comprimidos <span style=\"background: LightGoldenRodYellow; margin: 4px; border: 1px solid khaki\"> (form#123)</span></p><h3>Ingredients</h3><table class=\"grid\"><tr><td>-</td><td><b>Item[x]</b></td><td><b>Strength</b></td></tr><tr><td>*</td><td>Paracetamol <span style=\"background: LightGoldenRodYellow; margin: 4px; border: 1px solid khaki\"> (ingredient_code#4)</span></td><td>500 mg<span style=\"background: LightGoldenRodYellow\"> (Details: UCUM code mg = 'mg')</span>/</td></tr></table></div>"
  },
  "code": {
    "coding": [
      {
        "system": "https://infarmed.gov.pt/codings/product_code",
        "code": "2",
        "display": "Paracetamol 500 mg comprimidos"
      }
    ]
  },
  "status": "active",
  "form": {
    "coding": [
      {
        "system": "http://naming.sns.gov.pt/fhir/form",
        "code": "123",
        "display": "Comprimidos"
      }
    ]
  },
  "ingredient": [
    {
      "itemCodeableConcept": {
        "coding": [
          {
            "system": "https://infarmed.gov.pt/codings/ingredient_code",
            "code": "4",
            "display": "Paracetamol"
          }
        ]
      },
      "strength": {
        "numerator": {
          "value": 500,
          "system": "http://unitsofmeasure.org",
          "code": "mg"
        }
      }
    }
  ]
}