{
  "resourceType": "ImplementationGuide",
  "id": "idmeds",
  "text": {
    "status": "extensions",
    "div": "<div xmlns=\"http://www.w3.org/1999/xhtml\"><h2>IDMeds</h2><p>The official URL for this implementation guide is: </p><pre>http://example.com/fhir/example</pre><div><p>Example IG</p>\n</div></div>"
  },
  "url": "http://example.com/fhir/example",
  "version": "1.0.0",
  "name": "IDMeds",
  "title": "HL7 FHIR Implementation Guide",
  "status": "active",
  "date": "2020-02-26",
  "publisher": "My Organization",
  "contact": [
    {
      "name": "My Organization",
      "telecom": [
        {
          "system": "url",
          "value": "http://example.com/committees"
        },
        {
          "system": "email",
          "value": "my-group@example.com"
        }
      ]
    },
    {
      "name": "Bob Smith",
      "telecom": [
        {
          "system": "email",
          "value": "bobsmith@example.com",
          "use": "work"
        }
      ]
    }
  ],
  "description": "Example IG",
  "jurisdiction": [
    {
      "coding": [
        {
          "system": "http://unstats.un.org/unsd/methods/m49/m49.htm",
          "code": "001",
          "display": "World"
        }
      ]
    }
  ],
  "packageId": "idmeds",
  "license": "CC0-1.0",
  "fhirVersion": [
    "4.0.1"
  ],
  "definition": {
    "extension": [
      {
        "extension": [
          {
            "url": "code",
            "valueString": "copyrightyear"
          },
          {
            "url": "value",
            "valueString": "2021+"
          }
        ],
        "url": "http://hl7.org/fhir/tools/StructureDefinition/ig-parameter"
      },
      {
        "extension": [
          {
            "url": "code",
            "valueString": "releaselabel"
          },
          {
            "url": "value",
            "valueString": "STU1"
          }
        ],
        "url": "http://hl7.org/fhir/tools/StructureDefinition/ig-parameter"
      },
      {
        "extension": [
          {
            "url": "code",
            "valueString": "path-liquid"
          },
          {
            "url": "value",
            "valueString": "template/liquid"
          }
        ],
        "url": "http://hl7.org/fhir/tools/StructureDefinition/ig-parameter"
      },
      {
        "extension": [
          {
            "url": "code",
            "valueString": "path-liquid"
          },
          {
            "url": "value",
            "valueString": "input/liquid"
          }
        ],
        "url": "http://hl7.org/fhir/tools/StructureDefinition/ig-parameter"
      },
      {
        "extension": [
          {
            "url": "code",
            "valueString": "path-qa"
          },
          {
            "url": "value",
            "valueString": "temp/qa"
          }
        ],
        "url": "http://hl7.org/fhir/tools/StructureDefinition/ig-parameter"
      },
      {
        "extension": [
          {
            "url": "code",
            "valueString": "path-temp"
          },
          {
            "url": "value",
            "valueString": "temp/pages"
          }
        ],
        "url": "http://hl7.org/fhir/tools/StructureDefinition/ig-parameter"
      },
      {
        "extension": [
          {
            "url": "code",
            "valueString": "path-output"
          },
          {
            "url": "value",
            "valueString": "output"
          }
        ],
        "url": "http://hl7.org/fhir/tools/StructureDefinition/ig-parameter"
      },
      {
        "extension": [
          {
            "url": "code",
            "valueString": "path-suppressed-warnings"
          },
          {
            "url": "value",
            "valueString": "input/ignoreWarnings.txt"
          }
        ],
        "url": "http://hl7.org/fhir/tools/StructureDefinition/ig-parameter"
      },
      {
        "extension": [
          {
            "url": "code",
            "valueString": "path-history"
          },
          {
            "url": "value",
            "valueString": "history.html"
          }
        ],
        "url": "http://hl7.org/fhir/tools/StructureDefinition/ig-parameter"
      },
      {
        "extension": [
          {
            "url": "code",
            "valueString": "template-html"
          },
          {
            "url": "value",
            "valueString": "template-page.html"
          }
        ],
        "url": "http://hl7.org/fhir/tools/StructureDefinition/ig-parameter"
      },
      {
        "extension": [
          {
            "url": "code",
            "valueString": "template-md"
          },
          {
            "url": "value",
            "valueString": "template-page-md.html"
          }
        ],
        "url": "http://hl7.org/fhir/tools/StructureDefinition/ig-parameter"
      },
      {
        "extension": [
          {
            "url": "code",
            "valueString": "apply-contact"
          },
          {
            "url": "value",
            "valueString": "true"
          }
        ],
        "url": "http://hl7.org/fhir/tools/StructureDefinition/ig-parameter"
      },
      {
        "extension": [
          {
            "url": "code",
            "valueString": "apply-context"
          },
          {
            "url": "value",
            "valueString": "true"
          }
        ],
        "url": "http://hl7.org/fhir/tools/StructureDefinition/ig-parameter"
      },
      {
        "extension": [
          {
            "url": "code",
            "valueString": "apply-copyright"
          },
          {
            "url": "value",
            "valueString": "true"
          }
        ],
        "url": "http://hl7.org/fhir/tools/StructureDefinition/ig-parameter"
      },
      {
        "extension": [
          {
            "url": "code",
            "valueString": "apply-jurisdiction"
          },
          {
            "url": "value",
            "valueString": "true"
          }
        ],
        "url": "http://hl7.org/fhir/tools/StructureDefinition/ig-parameter"
      },
      {
        "extension": [
          {
            "url": "code",
            "valueString": "apply-license"
          },
          {
            "url": "value",
            "valueString": "true"
          }
        ],
        "url": "http://hl7.org/fhir/tools/StructureDefinition/ig-parameter"
      },
      {
        "extension": [
          {
            "url": "code",
            "valueString": "apply-publisher"
          },
          {
            "url": "value",
            "valueString": "true"
          }
        ],
        "url": "http://hl7.org/fhir/tools/StructureDefinition/ig-parameter"
      },
      {
        "extension": [
          {
            "url": "code",
            "valueString": "apply-version"
          },
          {
            "url": "value",
            "valueString": "true"
          }
        ],
        "url": "http://hl7.org/fhir/tools/StructureDefinition/ig-parameter"
      },
      {
        "extension": [
          {
            "url": "code",
            "valueString": "active-tables"
          },
          {
            "url": "value",
            "valueString": "true"
          }
        ],
        "url": "http://hl7.org/fhir/tools/StructureDefinition/ig-parameter"
      }
    ],
    "resource": [
      {
        "extension": [
          {
            "url": "http://hl7.org/fhir/tools/StructureDefinition/resource-information",
            "valueString": "StructureDefinition:resource"
          }
        ],
        "reference": {
          "reference": "StructureDefinition/DefinedMed"
        },
        "name": "DefinedMed",
        "exampleBoolean": false
      },
      {
        "extension": [
          {
            "url": "http://hl7.org/fhir/tools/StructureDefinition/resource-information",
            "valueString": "StructureDefinition:resource"
          }
        ],
        "reference": {
          "reference": "StructureDefinition/ExtendedAdministration"
        },
        "name": "ExtendedAdministration",
        "exampleBoolean": false
      },
      {
        "extension": [
          {
            "url": "http://hl7.org/fhir/tools/StructureDefinition/resource-information",
            "valueString": "StructureDefinition:resource"
          }
        ],
        "reference": {
          "reference": "StructureDefinition/ExtendedDispense"
        },
        "name": "ExtendedDispense",
        "exampleBoolean": false
      },
      {
        "extension": [
          {
            "url": "http://hl7.org/fhir/tools/StructureDefinition/resource-information",
            "valueString": "StructureDefinition:resource"
          }
        ],
        "reference": {
          "reference": "StructureDefinition/ExtendedRequest"
        },
        "name": "ExtendedRequest",
        "exampleBoolean": false
      },
      {
        "extension": [
          {
            "url": "http://hl7.org/fhir/tools/StructureDefinition/resource-information",
            "valueString": "StructureDefinition:resource"
          }
        ],
        "reference": {
          "reference": "StructureDefinition/ExtendedStatement"
        },
        "name": "ExtendedStatement",
        "exampleBoolean": false
      },
      {
        "extension": [
          {
            "url": "http://hl7.org/fhir/tools/StructureDefinition/resource-information",
            "valueString": "StructureDefinition:extension"
          }
        ],
        "reference": {
          "reference": "StructureDefinition/drugCharacteristic"
        },
        "name": "Drug Characteristic",
        "description": "Drug Characteristic",
        "exampleBoolean": false
      },
      {
        "extension": [
          {
            "url": "http://hl7.org/fhir/tools/StructureDefinition/resource-information",
            "valueString": "StructureDefinition:extension"
          }
        ],
        "reference": {
          "reference": "StructureDefinition/relatedMedication"
        },
        "name": "Related Medication",
        "description": "Related Medication to be used on clinical medication workflow resources in order to portrait the information for cross-border. This extension is used on MedicationAdministration,MedicationDispense,MedicationRequest and MedicationStatement  resource.",
        "exampleBoolean": false
      },
      {
        "extension": [
          {
            "url": "http://hl7.org/fhir/tools/StructureDefinition/resource-information",
            "valueString": "ValueSet"
          }
        ],
        "reference": {
          "reference": "ValueSet/relationtype-vs"
        },
        "name": "Relation Type for Related Medication Value Set",
        "description": "Indicates the relation of the related medication with the original medication",
        "exampleBoolean": false
      },
      {
        "extension": [
          {
            "url": "http://hl7.org/fhir/tools/StructureDefinition/resource-information",
            "valueString": "CodeSystem"
          }
        ],
        "reference": {
          "reference": "CodeSystem/relationtype-cs"
        },
        "name": "Relation Type for Related Medication Code System",
        "description": "Indicates the relation of the related medication with the original medication",
        "exampleBoolean": false
      },
      {
        "extension": [
          {
            "url": "http://hl7.org/fhir/tools/StructureDefinition/resource-information",
            "valueString": "MedicationRequest"
          }
        ],
        "reference": {
          "reference": "MedicationRequest/example-1-of-ext-medReq"
        },
        "name": "Use case 1 - Extended Prescription of Medication",
        "description": "Extended medication Request",
        "exampleCanonical": "http://example.com/fhir/example/StructureDefinition/ExtendedRequest"
      },
      {
        "extension": [
          {
            "url": "http://hl7.org/fhir/tools/StructureDefinition/resource-information",
            "valueString": "MedicationDispense"
          }
        ],
        "reference": {
          "reference": "MedicationDispense/example-1-of-ext-meddisp"
        },
        "name": "Use case 1 - Original Dispense of Medication ",
        "description": "Original Medication dispense document",
        "exampleCanonical": "http://example.com/fhir/example/StructureDefinition/ExtendedDispense"
      },
      {
        "extension": [
          {
            "url": "http://hl7.org/fhir/tools/StructureDefinition/resource-information",
            "valueString": "MedicationRequest"
          }
        ],
        "reference": {
          "reference": "MedicationRequest/example-1-of-medReq"
        },
        "name": "Use case 1 - Original Prescription of Medication",
        "description": "Original medication Request",
        "exampleBoolean": true
      },
      {
        "extension": [
          {
            "url": "http://hl7.org/fhir/tools/StructureDefinition/resource-information",
            "valueString": "MedicationDispense"
          }
        ],
        "reference": {
          "reference": "MedicationDispense/example-1-of-meddisp"
        },
        "name": "Use case 1 - Extended Dispense of Medication ",
        "description": "Medication dispense document with extension for cross-border",
        "exampleBoolean": true
      },
      {
        "extension": [
          {
            "url": "http://hl7.org/fhir/tools/StructureDefinition/resource-information",
            "valueString": "Medication"
          }
        ],
        "reference": {
          "reference": "Medication/original-med-disp-1"
        },
        "name": "Use case 1 - Original Medication Dispensed",
        "exampleBoolean": true
      },
      {
        "extension": [
          {
            "url": "http://hl7.org/fhir/tools/StructureDefinition/resource-information",
            "valueString": "Medication"
          }
        ],
        "reference": {
          "reference": "Medication/original-med-presc-1"
        },
        "name": "Use case 1 - Original Medication Prescribed",
        "exampleBoolean": true
      },
      {
        "extension": [
          {
            "url": "http://hl7.org/fhir/tools/StructureDefinition/resource-information",
            "valueString": "Medication"
          }
        ],
        "reference": {
          "reference": "Medication/related-med-disp-1a"
        },
        "name": "Use case 1 - First Related Medication to dispense",
        "exampleCanonical": "http://example.com/fhir/example/StructureDefinition/DefinedMed"
      },
      {
        "extension": [
          {
            "url": "http://hl7.org/fhir/tools/StructureDefinition/resource-information",
            "valueString": "Medication"
          }
        ],
        "reference": {
          "reference": "Medication/related-med-disp-1b"
        },
        "name": "Use case 1 - Second Related Medication to dispense",
        "exampleCanonical": "http://example.com/fhir/example/StructureDefinition/DefinedMed"
      },
      {
        "extension": [
          {
            "url": "http://hl7.org/fhir/tools/StructureDefinition/resource-information",
            "valueString": "Medication"
          }
        ],
        "reference": {
          "reference": "Medication/related-med-presc-1"
        },
        "name": "Use case 1 - Related Medication to prescription",
        "exampleCanonical": "http://example.com/fhir/example/StructureDefinition/DefinedMed"
      }
    ],
    "page": {
      "nameUrl": "toc.html",
      "title": "Table of Contents",
      "generation": "html",
      "page": [
        {
          "nameUrl": "index.html",
          "title": "Home",
          "generation": "html",
          "page": [
            {
              "nameUrl": "implementation.html",
              "title": "Implementation",
              "generation": "markdown",
              "page": [
                {
                  "nameUrl": "alternative1.html",
                  "title": "Alternative 1",
                  "generation": "markdown"
                },
                {
                  "nameUrl": "alternative2.html",
                  "title": "Alternative 2",
                  "generation": "markdown"
                },
                {
                  "nameUrl": "generic-workflow.html",
                  "title": "Generic Workflow",
                  "generation": "markdown"
                }
              ]
            },
            {
              "nameUrl": "FunctionalDiscussion.html",
              "title": "Functional Discussion",
              "generation": "markdown",
              "page": [
                {
                  "nameUrl": "use-cases.html",
                  "title": "Use Cases",
                  "generation": "markdown",
                  "page": [
                    {
                      "nameUrl": "UseCase1.html",
                      "title": "Use Case 1",
                      "generation": "markdown"
                    }
                  ]
                },
                {
                  "nameUrl": "workflow.html",
                  "title": "Workflow",
                  "generation": "markdown"
                }
              ]
            }
          ]
        }
      ]
    },
    "parameter": [
      {
        "code": "path-resource",
        "value": "input/capabilities"
      },
      {
        "code": "path-resource",
        "value": "input/examples"
      },
      {
        "code": "path-resource",
        "value": "input/extensions"
      },
      {
        "code": "path-resource",
        "value": "input/models"
      },
      {
        "code": "path-resource",
        "value": "input/operations"
      },
      {
        "code": "path-resource",
        "value": "input/profiles"
      },
      {
        "code": "path-resource",
        "value": "input/resources"
      },
      {
        "code": "path-resource",
        "value": "input/vocabulary"
      },
      {
        "code": "path-resource",
        "value": "input/maps"
      },
      {
        "code": "path-resource",
        "value": "input/testing"
      },
      {
        "code": "path-resource",
        "value": "input/history"
      },
      {
        "code": "path-resource",
        "value": "fsh-generated/resources"
      },
      {
        "code": "path-pages",
        "value": "template/config"
      },
      {
        "code": "path-pages",
        "value": "input/images"
      },
      {
        "code": "path-tx-cache",
        "value": "input-cache/txcache"
      }
    ]
  }
}