<?xml version="1.0" encoding="UTF-8"?>

<MedicationRequest xmlns="http://hl7.org/fhir">
  <id value="example-3a-of-ext-medReq"/>
  <meta>
    <profile value="http://example.com/fhir/example/StructureDefinition/ExtendedRequest"/>
  </meta>
  <text>
    <status value="extensions"/><div xmlns="http://www.w3.org/1999/xhtml"><p><b>Generated Narrative</b></p><div style="display: inline-block; background-color: #d9e0e7; padding: 6px; margin: 4px; border: 1px solid #8da1b4; border-radius: 5px; line-height: 60%"><p style="margin-bottom: 0px">Resource "example-3a-of-ext-medReq" </p><p style="margin-bottom: 0px">Profile: <a href="StructureDefinition-ExtendedRequest.html">ExtendedRequest</a></p></div><blockquote><p><b>Related Medication</b></p><p><b>value</b>: SINGLE (Details: [not stated] code SINGLE = 'SINGLE', stated as 'null')</p><p><b>value</b>: <a href="Medication-related-med-presc-1.html">Medication/related-med-presc-1</a></p></blockquote><p><b>identifier</b>: id: 69eb6358-6eb6-40e4-972f-33d22c3392c5</p><p><b>status</b>: active</p><p><b>intent</b>: order</p><p><b>medication</b>: <a href="original-med-presc-1">original-med-presc-1</a></p><p><b>subject</b>: <span></span></p><p><b>encounter</b>: <span></span></p><p><b>authoredOn</b>: 2021-07-19T09:00:00+02:00</p><p><b>requester</b>: <span>: GP</span></p></div>
  </text>
  <extension url="http://example.com/fhir/example/StructureDefinition/relatedMedication">
    <extension url="relationType">
      <valueCoding>
        <code value="SINGLE"/>
      </valueCoding>
    </extension>
    <extension url="relatedMed">
      <valueReference>
        <reference value="Medication/related-med-presc-1"/>
      </valueReference>
    </extension>
  </extension>
  <identifier>
    <system value="http://prescription-identifiers.com"/>
    <value value="69eb6358-6eb6-40e4-972f-33d22c3392c5"/>
  </identifier>
  <status value="active"/>
  <intent value="order"/>
  <medicationReference>
    <reference value="original-med-presc-1"/>
  </medicationReference>
  <subject>
    <identifier>
      <system value="http://naming.sns.gov.pt/fhir/patients"/>
      <value value="64110219106"/>
    </identifier>
  </subject>
  <encounter>
    <identifier>
      <system value="http://encounter-identifiers.com"/>
      <value value="0cf5dc52-28dc-43ce-96d2-3a757526c739"/>
    </identifier>
  </encounter>
  <authoredOn value="2021-07-19T09:00:00+02:00"/>
  <requester>
    <identifier>
      <system value="http://physician-identifiers.com"/>
      <value value="7c121778-5b2b-442d-9314-0a73995ab3dd"/>
    </identifier>
    <display value="GP"/>
  </requester>
  <dosageInstruction>
    <route>
      <coding>
        <system value="https://hl7.org/fhir/ValueSet/route-codes"/>
        <code value="26643006"/>
        <display value="Oral use"/>
      </coding>
    </route>
  </dosageInstruction>
</MedicationRequest>