<?xml version="1.0" encoding="UTF-8"?>

<Medication xmlns="http://hl7.org/fhir">
  <id value="original-med-presc-1"/>
  <text>
    <status value="extensions"/><div xmlns="http://www.w3.org/1999/xhtml"><p><b>Generated Narrative</b></p><div style="display: inline-block; background-color: #d9e0e7; padding: 6px; margin: 4px; border: 1px solid #8da1b4; border-radius: 5px; line-height: 60%"><p style="margin-bottom: 0px">Resource "original-med-presc-1" </p></div><blockquote><p><b>Related Medication</b></p><p><b>value</b>: SINGLE (Details: [not stated] code SINGLE = 'SINGLE', stated as 'null')</p><p><b>value</b>: <span></span></p></blockquote><p><b>code</b>: Paracetamol 500 mg Tablets <span style="background: LightGoldenRodYellow; margin: 4px; border: 1px solid khaki"> (product_code#2)</span></p><p><b>status</b>: active</p><p><b>form</b>: Tablets <span style="background: LightGoldenRodYellow; margin: 4px; border: 1px solid khaki"> (form#123)</span></p><h3>Ingredients</h3><table class="grid"><tr><td>-</td><td><b>Item[x]</b></td><td><b>Strength</b></td></tr><tr><td>*</td><td>Paracetamol <span style="background: LightGoldenRodYellow; margin: 4px; border: 1px solid khaki"> (ingredient_code#4)</span></td><td>500 mg<span style="background: LightGoldenRodYellow"> (Details: UCUM code mg = 'mg')</span>/</td></tr></table></div>
  </text>
  <extension url="http://example.com/fhir/example/StructureDefinition/relatedMedication">
    <extension url="relationType">
      <valueCoding>
        <code value="SINGLE"/>
      </valueCoding>
    </extension>
    <extension url="relatedMed">
      <valueReference>
        <identifier>
          <system value="https://npech.eu/codings/phpid"/>
          <value value="Ab350"/>
        </identifier>
      </valueReference>
    </extension>
  </extension>
  <code>
    <coding>
      <system value="https://products.be/codings/product_code"/>
      <code value="2"/>
      <display value="Paracetamol 500 mg Tablets"/>
    </coding>
  </code>
  <status value="active"/>
  <form>
    <coding>
      <system value="http://naming.be/fhir/form"/>
      <code value="123"/>
      <display value="Tablets"/>
    </coding>
  </form>
  <ingredient>
    <itemCodeableConcept>
      <coding>
        <system value="https://ingredients.be/codings/ingredient_code"/>
        <code value="4"/>
        <display value="Paracetamol"/>
      </coding>
    </itemCodeableConcept>
    <strength>
      <numerator>
        <value value="500"/>
        <system value="http://unitsofmeasure.org"/>
        <code value="mg"/>
      </numerator>
    </strength>
  </ingredient>
</Medication>