<?xml version="1.0" encoding="UTF-8"?><ImplementationGuide xmlns="http://hl7.org/fhir"><id value="idmeds"/><text><status value="extensions"/><div xmlns="http://www.w3.org/1999/xhtml"><h2>IDMeds</h2><p>The official URL for this implementation guide is: </p><pre>http://example.com/fhir/example</pre><div><p>Example IG</p>
</div></div></text><url value="http://example.com/fhir/example"/><version value="1.0.0"/><name value="IDMeds"/><title value="HL7 FHIR Implementation Guide"/><status value="active"/><date value="2020-02-26"/><publisher value="My Organization"/><contact><name value="My Organization"/><telecom><system value="url"/><value value="http://example.com/committees"/></telecom><telecom><system value="email"/><value value="my-group@example.com"/></telecom></contact><contact><name value="Bob Smith"/><telecom><system value="email"/><value value="bobsmith@example.com"/><use value="work"/></telecom></contact><description value="Example IG"/><jurisdiction><coding><system value="http://unstats.un.org/unsd/methods/m49/m49.htm"/><code value="001"/><display value="World"/></coding></jurisdiction><packageId value="idmeds"/><license value="CC0-1.0"/><fhirVersion value="4.0.1"/><definition><extension url="http://hl7.org/fhir/tools/StructureDefinition/ig-parameter"><extension url="code"><valueString value="copyrightyear"/></extension><extension url="value"><valueString value="2021+"/></extension></extension><extension url="http://hl7.org/fhir/tools/StructureDefinition/ig-parameter"><extension url="code"><valueString value="releaselabel"/></extension><extension url="value"><valueString value="STU1"/></extension></extension><extension url="http://hl7.org/fhir/tools/StructureDefinition/ig-parameter"><extension url="code"><valueString value="path-liquid"/></extension><extension url="value"><valueString value="template/liquid"/></extension></extension><extension url="http://hl7.org/fhir/tools/StructureDefinition/ig-parameter"><extension url="code"><valueString value="path-liquid"/></extension><extension url="value"><valueString value="input/liquid"/></extension></extension><extension url="http://hl7.org/fhir/tools/StructureDefinition/ig-parameter"><extension url="code"><valueString value="path-qa"/></extension><extension url="value"><valueString value="temp/qa"/></extension></extension><extension url="http://hl7.org/fhir/tools/StructureDefinition/ig-parameter"><extension url="code"><valueString value="path-temp"/></extension><extension url="value"><valueString value="temp/pages"/></extension></extension><extension url="http://hl7.org/fhir/tools/StructureDefinition/ig-parameter"><extension url="code"><valueString value="path-output"/></extension><extension url="value"><valueString value="output"/></extension></extension><extension url="http://hl7.org/fhir/tools/StructureDefinition/ig-parameter"><extension url="code"><valueString value="path-suppressed-warnings"/></extension><extension url="value"><valueString value="input/ignoreWarnings.txt"/></extension></extension><extension url="http://hl7.org/fhir/tools/StructureDefinition/ig-parameter"><extension url="code"><valueString value="path-history"/></extension><extension url="value"><valueString value="history.html"/></extension></extension><extension url="http://hl7.org/fhir/tools/StructureDefinition/ig-parameter"><extension url="code"><valueString value="template-html"/></extension><extension url="value"><valueString value="template-page.html"/></extension></extension><extension url="http://hl7.org/fhir/tools/StructureDefinition/ig-parameter"><extension url="code"><valueString value="template-md"/></extension><extension url="value"><valueString value="template-page-md.html"/></extension></extension><extension url="http://hl7.org/fhir/tools/StructureDefinition/ig-parameter"><extension url="code"><valueString value="apply-contact"/></extension><extension url="value"><valueString value="true"/></extension></extension><extension url="http://hl7.org/fhir/tools/StructureDefinition/ig-parameter"><extension url="code"><valueString value="apply-context"/></extension><extension url="value"><valueString value="true"/></extension></extension><extension url="http://hl7.org/fhir/tools/StructureDefinition/ig-parameter"><extension url="code"><valueString value="apply-copyright"/></extension><extension url="value"><valueString value="true"/></extension></extension><extension url="http://hl7.org/fhir/tools/StructureDefinition/ig-parameter"><extension url="code"><valueString value="apply-jurisdiction"/></extension><extension url="value"><valueString value="true"/></extension></extension><extension url="http://hl7.org/fhir/tools/StructureDefinition/ig-parameter"><extension url="code"><valueString value="apply-license"/></extension><extension url="value"><valueString value="true"/></extension></extension><extension url="http://hl7.org/fhir/tools/StructureDefinition/ig-parameter"><extension url="code"><valueString value="apply-publisher"/></extension><extension url="value"><valueString value="true"/></extension></extension><extension url="http://hl7.org/fhir/tools/StructureDefinition/ig-parameter"><extension url="code"><valueString value="apply-version"/></extension><extension url="value"><valueString value="true"/></extension></extension><extension url="http://hl7.org/fhir/tools/StructureDefinition/ig-parameter"><extension url="code"><valueString value="active-tables"/></extension><extension url="value"><valueString value="true"/></extension></extension><grouping id="-str-profile"><name value="Structures: Resource Profiles"/><description value="These define constraints on FHIR resources for systems conforming to this implementation guide"/></grouping><grouping id="-str-extension"><name value="Structures: Extension Definitions"/><description value="These define constraints on FHIR data types for systems conforming to this implementation guide"/></grouping><grouping id="-term-valueset"><name value="Terminology: Value Sets"/><description value="These define sets of codes used by systems conforming to this implementation guide"/></grouping><grouping id="-term-codesystem"><name value="Terminology: Code Systems"/><description value="These define new code systems used by systems conforming to this implementation guide"/></grouping><grouping id="-ex-example"><name value="Example: Example Instances"/><description value="These are example instances that show what data produced and consumed by systems conforming with this implementation guide might look like"/></grouping><resource><extension url="http://hl7.org/fhir/StructureDefinition/implementationguide-page"><valueUri value="StructureDefinition-DefinedMed.html"/></extension><reference><reference value="StructureDefinition/DefinedMed"/></reference><name value="DefinedMed"/><exampleBoolean value="false"/><groupingId value="-str-profile"/></resource><resource><extension url="http://hl7.org/fhir/StructureDefinition/implementationguide-page"><valueUri value="StructureDefinition-ExtendedAdministration.html"/></extension><reference><reference value="StructureDefinition/ExtendedAdministration"/></reference><name value="ExtendedAdministration"/><exampleBoolean value="false"/><groupingId value="-str-profile"/></resource><resource><extension url="http://hl7.org/fhir/StructureDefinition/implementationguide-page"><valueUri value="StructureDefinition-ExtendedDispense.html"/></extension><reference><reference value="StructureDefinition/ExtendedDispense"/></reference><name value="ExtendedDispense"/><exampleBoolean value="false"/><groupingId value="-str-profile"/></resource><resource><extension url="http://hl7.org/fhir/StructureDefinition/implementationguide-page"><valueUri value="StructureDefinition-ExtendedRequest.html"/></extension><reference><reference value="StructureDefinition/ExtendedRequest"/></reference><name value="ExtendedRequest"/><exampleBoolean value="false"/><groupingId value="-str-profile"/></resource><resource><extension url="http://hl7.org/fhir/StructureDefinition/implementationguide-page"><valueUri value="StructureDefinition-ExtendedStatement.html"/></extension><reference><reference value="StructureDefinition/ExtendedStatement"/></reference><name value="ExtendedStatement"/><exampleBoolean value="false"/><groupingId value="-str-profile"/></resource><resource><extension url="http://hl7.org/fhir/StructureDefinition/implementationguide-page"><valueUri value="StructureDefinition-drugCharacteristic.html"/></extension><reference><reference value="StructureDefinition/drugCharacteristic"/></reference><name value="Drug Characteristic"/><description value="Drug Characteristic"/><exampleBoolean value="false"/><groupingId value="-str-extension"/></resource><resource><extension url="http://hl7.org/fhir/StructureDefinition/implementationguide-page"><valueUri value="StructureDefinition-relatedMedication.html"/></extension><reference><reference value="StructureDefinition/relatedMedication"/></reference><name value="Related Medication"/><description value="Related Medication to be used on clinical medication workflow resources in order to portrait the information for cross-border. This extension is used on MedicationAdministration,MedicationDispense,MedicationRequest and MedicationStatement  resource."/><exampleBoolean value="false"/><groupingId value="-str-extension"/></resource><resource><extension url="http://hl7.org/fhir/StructureDefinition/implementationguide-page"><valueUri value="ValueSet-relationtype-vs.html"/></extension><reference><reference value="ValueSet/relationtype-vs"/></reference><name value="Relation Type for Related Medication Value Set"/><description value="Indicates the relation of the related medication with the original medication"/><exampleBoolean value="false"/><groupingId value="-term-valueset"/></resource><resource><extension url="http://hl7.org/fhir/StructureDefinition/implementationguide-page"><valueUri value="CodeSystem-relationtype-cs.html"/></extension><reference><reference value="CodeSystem/relationtype-cs"/></reference><name value="Relation Type for Related Medication Code System"/><description value="Indicates the relation of the related medication with the original medication"/><exampleBoolean value="false"/><groupingId value="-term-codesystem"/></resource><resource><extension url="http://hl7.org/fhir/StructureDefinition/implementationguide-page"><valueUri value="MedicationRequest-example-1-of-medReq.html"/></extension><reference><reference value="MedicationRequest/example-1-of-medReq"/></reference><name value="Use case 1 - Prescription of Medication with relatedMedication"/><description value="This example shows a prescription that is made by brand name and the pharmacist changes the brand name for another brand name in the same VOS - Cluster."/><exampleCanonical value="http://example.com/fhir/example/StructureDefinition/ExtendedRequest"/><groupingId value="-ex-example"/></resource><resource><extension url="http://hl7.org/fhir/StructureDefinition/implementationguide-page"><valueUri value="MedicationDispense-example-1-of-meddisp.html"/></extension><reference><reference value="MedicationDispense/example-1-of-meddisp"/></reference><name value="Use case 1 - Dispense of Medication with relatedMedication"/><description value="This example shows a prescription that is made by brand name and the pharmacist changes the brand name for another brand name in the same VOS - Cluster."/><exampleCanonical value="http://example.com/fhir/example/StructureDefinition/ExtendedDispense"/><groupingId value="-ex-example"/></resource><resource><extension url="http://hl7.org/fhir/StructureDefinition/implementationguide-page"><valueUri value="Medication-related-med-1.html"/></extension><reference><reference value="Medication/related-med-1"/></reference><name value="Use case 1 - Related Medication to prescription "/><description value="This example shows a prescription that is made by brand name and the pharmacist changes the brand name for another brand name in the same VOS - Cluster."/><exampleCanonical value="http://example.com/fhir/example/StructureDefinition/DefinedMed"/><groupingId value="-ex-example"/></resource><resource><extension url="http://hl7.org/fhir/StructureDefinition/implementationguide-page"><valueUri value="Medication-related-med-2.html"/></extension><reference><reference value="Medication/related-med-2"/></reference><name value="Use case 1 - First Related Medication to dispense "/><description value="This example shows a prescription that is made by brand name and the pharmacist changes the brand name for another brand name in the same VOS - Cluster."/><exampleCanonical value="http://example.com/fhir/example/StructureDefinition/DefinedMed"/><groupingId value="-ex-example"/></resource><resource><extension url="http://hl7.org/fhir/StructureDefinition/implementationguide-page"><valueUri value="Medication-related-med-3.html"/></extension><reference><reference value="Medication/related-med-3"/></reference><name value="Use case 1 - Second Related Medication to dispense "/><description value="This example shows a prescription that is made by brand name and the pharmacist changes the brand name for another brand name in the same VOS - Cluster."/><exampleCanonical value="http://example.com/fhir/example/StructureDefinition/DefinedMed"/><groupingId value="-ex-example"/></resource><page><nameUrl value="toc.html"/><title value="Table of Contents"/><generation value="html"/><page><nameUrl value="index.html"/><title value="Home"/><generation value="html"/><page><nameUrl value="implementation.html"/><title value="Implementation"/><generation value="markdown"/><page><nameUrl value="alternative1.html"/><title value="Alternative 1"/><generation value="markdown"/></page><page><nameUrl value="alternative2.html"/><title value="Alternative 2"/><generation value="markdown"/></page></page><page><nameUrl value="use-cases.html"/><title value="Use Cases"/><generation value="markdown"/><page><nameUrl value="workflow.html"/><title value="Workflow"/><generation value="markdown"/></page></page></page><page><nameUrl value="artifacts.html"/><title value="Artifacts Summary"/><generation value="html"/><page><nameUrl value="StructureDefinition-DefinedMed.html"/><title value="DefinedMed"/><generation value="generated"/></page><page><nameUrl value="StructureDefinition-ExtendedAdministration.html"/><title value="ExtendedAdministration"/><generation value="generated"/></page><page><nameUrl value="StructureDefinition-ExtendedDispense.html"/><title value="ExtendedDispense"/><generation value="generated"/></page><page><nameUrl value="StructureDefinition-ExtendedRequest.html"/><title value="ExtendedRequest"/><generation value="generated"/></page><page><nameUrl value="StructureDefinition-ExtendedStatement.html"/><title value="ExtendedStatement"/><generation value="generated"/></page><page><nameUrl value="StructureDefinition-drugCharacteristic.html"/><title value="Drug Characteristic"/><generation value="generated"/></page><page><nameUrl value="StructureDefinition-relatedMedication.html"/><title value="Related Medication"/><generation value="generated"/></page><page><nameUrl value="ValueSet-relationtype-vs.html"/><title value="Relation Type for Related Medication Value Set"/><generation value="generated"/></page><page><nameUrl value="CodeSystem-relationtype-cs.html"/><title value="Relation Type for Related Medication Code System"/><generation value="generated"/></page><page><nameUrl value="MedicationRequest-example-1-of-medReq.html"/><title value="Use case 1 - Prescription of Medication with relatedMedication"/><generation value="generated"/></page><page><nameUrl value="MedicationDispense-example-1-of-meddisp.html"/><title value="Use case 1 - Dispense of Medication with relatedMedication"/><generation value="generated"/></page><page><nameUrl value="Medication-related-med-1.html"/><title value="Use case 1 - Related Medication to prescription "/><generation value="generated"/></page><page><nameUrl value="Medication-related-med-2.html"/><title value="Use case 1 - First Related Medication to dispense "/><generation value="generated"/></page><page><nameUrl value="Medication-related-med-3.html"/><title value="Use case 1 - Second Related Medication to dispense "/><generation value="generated"/></page></page></page><parameter><code value="path-resource"/><value value="input/capabilities"/></parameter><parameter><code value="path-resource"/><value value="input/examples"/></parameter><parameter><code value="path-resource"/><value value="input/extensions"/></parameter><parameter><code value="path-resource"/><value value="input/models"/></parameter><parameter><code value="path-resource"/><value value="input/operations"/></parameter><parameter><code value="path-resource"/><value value="input/profiles"/></parameter><parameter><code value="path-resource"/><value value="input/resources"/></parameter><parameter><code value="path-resource"/><value value="input/vocabulary"/></parameter><parameter><code value="path-resource"/><value value="input/maps"/></parameter><parameter><code value="path-resource"/><value value="input/testing"/></parameter><parameter><code value="path-resource"/><value value="input/history"/></parameter><parameter><code value="path-resource"/><value value="fsh-generated/resources"/></parameter><parameter><code value="path-pages"/><value value="template/config"/></parameter><parameter><code value="path-pages"/><value value="input/images"/></parameter><parameter><code value="path-tx-cache"/><value value="input-cache/txcache"/></parameter></definition></ImplementationGuide>