{"resourceType":"CodeSystem","id":"relationtype-cs","text":{"status":"generated","div":"<div xmlns=\"http://www.w3.org/1999/xhtml\"><p>This code system http://terminology.hl7.org/CodeSystem/relationtype defines the following codes:</p><table class=\"codes\"><tr><td style=\"white-space:nowrap\"><b>Code</b></td><td><b>Display</b></td><td><b>Definition</b></td></tr><tr><td style=\"white-space:nowrap\">SINGLE<a name=\"relationtype-cs-SINGLE\"> </a></td><td>Direct Translation</td><td>Direct Translation</td></tr><tr><td style=\"white-space:nowrap\">MULTIPLE<a name=\"relationtype-cs-MULTIPLE\"> </a></td><td>One of many possibilities</td><td>One of many possibilities</td></tr><tr><td style=\"white-space:nowrap\">DIFFERENT<a name=\"relationtype-cs-DIFFERENT\"> </a></td><td>Different Drug</td><td>Different Drug</td></tr><tr><td style=\"white-space:nowrap\">DIF_Strength<a name=\"relationtype-cs-DIF_Strength\"> </a></td><td>Different Strength</td><td>Different Strength</td></tr><tr><td style=\"white-space:nowrap\">DIF_BRAND<a name=\"relationtype-cs-DIF_BRAND\"> </a></td><td>Different Brand</td><td>Different Brand</td></tr><tr><td style=\"white-space:nowrap\">DIF_FORM<a name=\"relationtype-cs-DIF_FORM\"> </a></td><td>Different Pharmaceutical Form</td><td>Different Pharmaceutical Form</td></tr><tr><td style=\"white-space:nowrap\">DIF_PACKSIZE<a name=\"relationtype-cs-DIF_PACKSIZE\"> </a></td><td>Different Pack Size</td><td>Different Pack Size</td></tr><tr><td style=\"white-space:nowrap\">DIF_ROUTE<a name=\"relationtype-cs-DIF_ROUTE\"> </a></td><td>Different Administration Route</td><td>Different Administration Route</td></tr></table></div>"},"url":"http://terminology.hl7.org/CodeSystem/relationtype","version":"1.0.0","name":"RelationTypeCS","title":"Relation Type for Related Medication Code System","status":"active","date":"2021-11-29T15:16:16+00:00","publisher":"My Organization","contact":[{"name":"My Organization","telecom":[{"system":"url","value":"http://example.com/committees"},{"system":"email","value":"my-group@example.com"}]},{"name":"Bob Smith","telecom":[{"system":"email","value":"bobsmith@example.com","use":"work"}]}],"description":"Indicates the relation of the related medication with the original medication","jurisdiction":[{"coding":[{"system":"http://unstats.un.org/unsd/methods/m49/m49.htm","code":"001","display":"World"}]}],"content":"complete","count":8,"concept":[{"code":"SINGLE","display":"Direct Translation","definition":"Direct Translation"},{"code":"MULTIPLE","display":"One of many possibilities","definition":"One of many possibilities"},{"code":"DIFFERENT","display":"Different Drug","definition":"Different Drug"},{"code":"DIF_Strength","display":"Different Strength","definition":"Different Strength"},{"code":"DIF_BRAND","display":"Different Brand","definition":"Different Brand"},{"code":"DIF_FORM","display":"Different Pharmaceutical Form","definition":"Different Pharmaceutical Form"},{"code":"DIF_PACKSIZE","display":"Different Pack Size","definition":"Different Pack Size"},{"code":"DIF_ROUTE","display":"Different Administration Route","definition":"Different Administration Route"}]}