{"resourceType":"ImplementationGuide","id":"idmeds","text":{"status":"extensions","div":"<div xmlns=\"http://www.w3.org/1999/xhtml\"><h2>IDMeds</h2><p>The official URL for this implementation guide is: </p><pre>http://example.com/fhir/example</pre><div><p>Example IG</p>\n</div></div>"},"url":"http://example.com/fhir/example","version":"1.0.0","name":"IDMeds","title":"HL7 FHIR Implementation Guide","status":"active","date":"2020-02-26","publisher":"My Organization","contact":[{"name":"My Organization","telecom":[{"system":"url","value":"http://example.com/committees"},{"system":"email","value":"my-group@example.com"}]},{"name":"Bob Smith","telecom":[{"system":"email","value":"bobsmith@example.com","use":"work"}]}],"description":"Example IG","jurisdiction":[{"coding":[{"system":"http://unstats.un.org/unsd/methods/m49/m49.htm","code":"001","display":"World"}]}],"packageId":"idmeds","license":"CC0-1.0","fhirVersion":["4.0.1"],"definition":{"extension":[{"extension":[{"url":"code","valueString":"copyrightyear"},{"url":"value","valueString":"2021+"}],"url":"http://hl7.org/fhir/tools/StructureDefinition/ig-parameter"},{"extension":[{"url":"code","valueString":"releaselabel"},{"url":"value","valueString":"STU1"}],"url":"http://hl7.org/fhir/tools/StructureDefinition/ig-parameter"},{"extension":[{"url":"code","valueString":"path-liquid"},{"url":"value","valueString":"template/liquid"}],"url":"http://hl7.org/fhir/tools/StructureDefinition/ig-parameter"},{"extension":[{"url":"code","valueString":"path-liquid"},{"url":"value","valueString":"input/liquid"}],"url":"http://hl7.org/fhir/tools/StructureDefinition/ig-parameter"},{"extension":[{"url":"code","valueString":"path-qa"},{"url":"value","valueString":"temp/qa"}],"url":"http://hl7.org/fhir/tools/StructureDefinition/ig-parameter"},{"extension":[{"url":"code","valueString":"path-temp"},{"url":"value","valueString":"temp/pages"}],"url":"http://hl7.org/fhir/tools/StructureDefinition/ig-parameter"},{"extension":[{"url":"code","valueString":"path-output"},{"url":"value","valueString":"output"}],"url":"http://hl7.org/fhir/tools/StructureDefinition/ig-parameter"},{"extension":[{"url":"code","valueString":"path-suppressed-warnings"},{"url":"value","valueString":"input/ignoreWarnings.txt"}],"url":"http://hl7.org/fhir/tools/StructureDefinition/ig-parameter"},{"extension":[{"url":"code","valueString":"path-history"},{"url":"value","valueString":"history.html"}],"url":"http://hl7.org/fhir/tools/StructureDefinition/ig-parameter"},{"extension":[{"url":"code","valueString":"template-html"},{"url":"value","valueString":"template-page.html"}],"url":"http://hl7.org/fhir/tools/StructureDefinition/ig-parameter"},{"extension":[{"url":"code","valueString":"template-md"},{"url":"value","valueString":"template-page-md.html"}],"url":"http://hl7.org/fhir/tools/StructureDefinition/ig-parameter"},{"extension":[{"url":"code","valueString":"apply-contact"},{"url":"value","valueString":"true"}],"url":"http://hl7.org/fhir/tools/StructureDefinition/ig-parameter"},{"extension":[{"url":"code","valueString":"apply-context"},{"url":"value","valueString":"true"}],"url":"http://hl7.org/fhir/tools/StructureDefinition/ig-parameter"},{"extension":[{"url":"code","valueString":"apply-copyright"},{"url":"value","valueString":"true"}],"url":"http://hl7.org/fhir/tools/StructureDefinition/ig-parameter"},{"extension":[{"url":"code","valueString":"apply-jurisdiction"},{"url":"value","valueString":"true"}],"url":"http://hl7.org/fhir/tools/StructureDefinition/ig-parameter"},{"extension":[{"url":"code","valueString":"apply-license"},{"url":"value","valueString":"true"}],"url":"http://hl7.org/fhir/tools/StructureDefinition/ig-parameter"},{"extension":[{"url":"code","valueString":"apply-publisher"},{"url":"value","valueString":"true"}],"url":"http://hl7.org/fhir/tools/StructureDefinition/ig-parameter"},{"extension":[{"url":"code","valueString":"apply-version"},{"url":"value","valueString":"true"}],"url":"http://hl7.org/fhir/tools/StructureDefinition/ig-parameter"},{"extension":[{"url":"code","valueString":"active-tables"},{"url":"value","valueString":"true"}],"url":"http://hl7.org/fhir/tools/StructureDefinition/ig-parameter"}],"grouping":[{"id":"-str-profile","name":"Structures: Resource Profiles","description":"These define constraints on FHIR resources for systems conforming to this implementation guide"},{"id":"-str-extension","name":"Structures: Extension Definitions","description":"These define constraints on FHIR data types for systems conforming to this implementation guide"},{"id":"-term-valueset","name":"Terminology: Value Sets","description":"These define sets of codes used by systems conforming to this implementation guide"},{"id":"-term-codesystem","name":"Terminology: Code Systems","description":"These define new code systems used by systems conforming to this implementation guide"},{"id":"-ex-example","name":"Example: Example Instances","description":"These are example instances that show what data produced and consumed by systems conforming with this implementation guide might look like"}],"resource":[{"extension":[{"url":"http://hl7.org/fhir/StructureDefinition/implementationguide-page","valueUri":"StructureDefinition-DefinedMed.html"}],"reference":{"reference":"StructureDefinition/DefinedMed"},"name":"DefinedMed","exampleBoolean":false,"groupingId":"-str-profile"},{"extension":[{"url":"http://hl7.org/fhir/StructureDefinition/implementationguide-page","valueUri":"StructureDefinition-ExtendedAdministration.html"}],"reference":{"reference":"StructureDefinition/ExtendedAdministration"},"name":"ExtendedAdministration","exampleBoolean":false,"groupingId":"-str-profile"},{"extension":[{"url":"http://hl7.org/fhir/StructureDefinition/implementationguide-page","valueUri":"StructureDefinition-ExtendedDispense.html"}],"reference":{"reference":"StructureDefinition/ExtendedDispense"},"name":"ExtendedDispense","exampleBoolean":false,"groupingId":"-str-profile"},{"extension":[{"url":"http://hl7.org/fhir/StructureDefinition/implementationguide-page","valueUri":"StructureDefinition-ExtendedRequest.html"}],"reference":{"reference":"StructureDefinition/ExtendedRequest"},"name":"ExtendedRequest","exampleBoolean":false,"groupingId":"-str-profile"},{"extension":[{"url":"http://hl7.org/fhir/StructureDefinition/implementationguide-page","valueUri":"StructureDefinition-ExtendedStatement.html"}],"reference":{"reference":"StructureDefinition/ExtendedStatement"},"name":"ExtendedStatement","exampleBoolean":false,"groupingId":"-str-profile"},{"extension":[{"url":"http://hl7.org/fhir/StructureDefinition/implementationguide-page","valueUri":"StructureDefinition-drugCharacteristic.html"}],"reference":{"reference":"StructureDefinition/drugCharacteristic"},"name":"Drug Characteristic","description":"Drug Characteristic","exampleBoolean":false,"groupingId":"-str-extension"},{"extension":[{"url":"http://hl7.org/fhir/StructureDefinition/implementationguide-page","valueUri":"StructureDefinition-relatedMedication.html"}],"reference":{"reference":"StructureDefinition/relatedMedication"},"name":"Related Medication","description":"Related Medication to be used on clinical medication workflow resources in order to portrait the information for cross-border. This extension is used on MedicationAdministration,MedicationDispense,MedicationRequest and MedicationStatement  resource.","exampleBoolean":false,"groupingId":"-str-extension"},{"extension":[{"url":"http://hl7.org/fhir/StructureDefinition/implementationguide-page","valueUri":"ValueSet-relationtype-vs.html"}],"reference":{"reference":"ValueSet/relationtype-vs"},"name":"Relation Type for Related Medication Value Set","description":"Indicates the relation of the related medication with the original medication","exampleBoolean":false,"groupingId":"-term-valueset"},{"extension":[{"url":"http://hl7.org/fhir/StructureDefinition/implementationguide-page","valueUri":"CodeSystem-relationtype-cs.html"}],"reference":{"reference":"CodeSystem/relationtype-cs"},"name":"Relation Type for Related Medication Code System","description":"Indicates the relation of the related medication with the original medication","exampleBoolean":false,"groupingId":"-term-codesystem"},{"extension":[{"url":"http://hl7.org/fhir/StructureDefinition/implementationguide-page","valueUri":"MedicationRequest-example-1-of-medReq.html"}],"reference":{"reference":"MedicationRequest/example-1-of-medReq"},"name":"Use case 1 - Prescription of Medication with relatedMedication","description":"This example shows a prescription that is made by brand name and the pharmacist changes the brand name for another brand name in the same VOS - Cluster.","exampleCanonical":"http://example.com/fhir/example/StructureDefinition/ExtendedRequest","groupingId":"-ex-example"},{"extension":[{"url":"http://hl7.org/fhir/StructureDefinition/implementationguide-page","valueUri":"MedicationDispense-example-1-of-meddisp.html"}],"reference":{"reference":"MedicationDispense/example-1-of-meddisp"},"name":"Use case 1 - Dispense of Medication with relatedMedication","description":"This example shows a prescription that is made by brand name and the pharmacist changes the brand name for another brand name in the same VOS - Cluster.","exampleCanonical":"http://example.com/fhir/example/StructureDefinition/ExtendedDispense","groupingId":"-ex-example"},{"extension":[{"url":"http://hl7.org/fhir/StructureDefinition/implementationguide-page","valueUri":"Medication-related-med-1.html"}],"reference":{"reference":"Medication/related-med-1"},"name":"Use case 1 - Related Medication to prescription ","description":"This example shows a prescription that is made by brand name and the pharmacist changes the brand name for another brand name in the same VOS - Cluster.","exampleCanonical":"http://example.com/fhir/example/StructureDefinition/DefinedMed","groupingId":"-ex-example"},{"extension":[{"url":"http://hl7.org/fhir/StructureDefinition/implementationguide-page","valueUri":"Medication-related-med-2.html"}],"reference":{"reference":"Medication/related-med-2"},"name":"Use case 1 - First Related Medication to dispense ","description":"This example shows a prescription that is made by brand name and the pharmacist changes the brand name for another brand name in the same VOS - Cluster.","exampleCanonical":"http://example.com/fhir/example/StructureDefinition/DefinedMed","groupingId":"-ex-example"},{"extension":[{"url":"http://hl7.org/fhir/StructureDefinition/implementationguide-page","valueUri":"Medication-related-med-3.html"}],"reference":{"reference":"Medication/related-med-3"},"name":"Use case 1 - Second Related Medication to dispense ","description":"This example shows a prescription that is made by brand name and the pharmacist changes the brand name for another brand name in the same VOS - Cluster.","exampleCanonical":"http://example.com/fhir/example/StructureDefinition/DefinedMed","groupingId":"-ex-example"}],"page":{"nameUrl":"toc.html","title":"Table of Contents","generation":"html","page":[{"nameUrl":"index.html","title":"Home","generation":"html","page":[{"nameUrl":"implementation.html","title":"Implementation","generation":"markdown","page":[{"nameUrl":"alternative1.html","title":"Alternative 1","generation":"markdown"},{"nameUrl":"alternative2.html","title":"Alternative 2","generation":"markdown"}]},{"nameUrl":"use-cases.html","title":"Use Cases","generation":"markdown","page":[{"nameUrl":"workflow.html","title":"Workflow","generation":"markdown"}]}]},{"nameUrl":"artifacts.html","title":"Artifacts Summary","generation":"html","page":[{"nameUrl":"StructureDefinition-DefinedMed.html","title":"DefinedMed","generation":"generated"},{"nameUrl":"StructureDefinition-ExtendedAdministration.html","title":"ExtendedAdministration","generation":"generated"},{"nameUrl":"StructureDefinition-ExtendedDispense.html","title":"ExtendedDispense","generation":"generated"},{"nameUrl":"StructureDefinition-ExtendedRequest.html","title":"ExtendedRequest","generation":"generated"},{"nameUrl":"StructureDefinition-ExtendedStatement.html","title":"ExtendedStatement","generation":"generated"},{"nameUrl":"StructureDefinition-drugCharacteristic.html","title":"Drug Characteristic","generation":"generated"},{"nameUrl":"StructureDefinition-relatedMedication.html","title":"Related Medication","generation":"generated"},{"nameUrl":"ValueSet-relationtype-vs.html","title":"Relation Type for Related Medication Value Set","generation":"generated"},{"nameUrl":"CodeSystem-relationtype-cs.html","title":"Relation Type for Related Medication Code System","generation":"generated"},{"nameUrl":"MedicationRequest-example-1-of-medReq.html","title":"Use case 1 - Prescription of Medication with relatedMedication","generation":"generated"},{"nameUrl":"MedicationDispense-example-1-of-meddisp.html","title":"Use case 1 - Dispense of Medication with relatedMedication","generation":"generated"},{"nameUrl":"Medication-related-med-1.html","title":"Use case 1 - Related Medication to prescription ","generation":"generated"},{"nameUrl":"Medication-related-med-2.html","title":"Use case 1 - First Related Medication to dispense ","generation":"generated"},{"nameUrl":"Medication-related-med-3.html","title":"Use case 1 - Second Related Medication to dispense ","generation":"generated"}]}]},"parameter":[{"code":"path-resource","value":"input/capabilities"},{"code":"path-resource","value":"input/examples"},{"code":"path-resource","value":"input/extensions"},{"code":"path-resource","value":"input/models"},{"code":"path-resource","value":"input/operations"},{"code":"path-resource","value":"input/profiles"},{"code":"path-resource","value":"input/resources"},{"code":"path-resource","value":"input/vocabulary"},{"code":"path-resource","value":"input/maps"},{"code":"path-resource","value":"input/testing"},{"code":"path-resource","value":"input/history"},{"code":"path-resource","value":"fsh-generated/resources"},{"code":"path-pages","value":"template/config"},{"code":"path-pages","value":"input/images"},{"code":"path-tx-cache","value":"input-cache/txcache"}]}}