{
  "resourceType": "Medication",
  "id": "example0-related-med-disp-2",
  "meta": {
    "profile": [
      "http://example.com/fhir/example/StructureDefinition/DefinedMed"
    ]
  },
  "text": {
    "status": "generated",
    "div": "<div xmlns=\"http://www.w3.org/1999/xhtml\"><p><b>Generated Narrative</b></p><div style=\"display: inline-block; background-color: #d9e0e7; padding: 6px; margin: 4px; border: 1px solid #8da1b4; border-radius: 5px; line-height: 60%\"><p style=\"margin-bottom: 0px\">Resource \"example0-related-med-disp-2\" </p><p style=\"margin-bottom: 0px\">Profile: <a href=\"StructureDefinition-DefinedMed.html\">DefinedMed</a></p></div><p><b>code</b>: Ben-u-Ron 500 mg Tablets <span style=\"background: LightGoldenRodYellow; margin: 4px; border: 1px solid khaki\"> (mpid#Ab350)</span></p><p><b>status</b>: active</p><p><b>form</b>: Tablet <span style=\"background: LightGoldenRodYellow; margin: 4px; border: 1px solid khaki\"> (PAC#10219000)</span></p><h3>Ingredients</h3><table class=\"grid\"><tr><td>-</td><td><b>Item[x]</b></td><td><b>Strength</b></td></tr><tr><td>*</td><td>Paracetamol <span style=\"background: LightGoldenRodYellow; margin: 4px; border: 1px solid khaki\"> (ingredient_code#4A4b)</span></td><td>500 mg/</td></tr></table></div>"
  },
  "code": {
    "coding": [
      {
        "system": "https://npech.eu/codings/mpid",
        "code": "Ab350",
        "display": "Ben-u-Ron 500 mg Tablets"
      }
    ]
  },
  "status": "active",
  "form": {
    "coding": [
      {
        "system": "http://standardterms.edqm.eu/PAC",
        "code": "10219000",
        "display": "Tablet"
      }
    ]
  },
  "ingredient": [
    {
      "itemCodeableConcept": {
        "coding": [
          {
            "system": "https://npech.eu/codings/ingredient_code",
            "code": "4A4b",
            "display": "Paracetamol"
          }
        ]
      },
      "strength": {
        "numerator": {
          "value": 500,
          "unit": "mg"
        }
      }
    }
  ]
}