<?xml version="1.0" encoding="UTF-8"?>

<MedicationDispense xmlns="http://hl7.org/fhir">
  <id value="example-3a-of-ext-meddisp"/>
  <meta>
    <profile value="http://example.com/fhir/example/StructureDefinition/ExtendedDispense"/>
  </meta>
  <text>
    <status value="extensions"/><div xmlns="http://www.w3.org/1999/xhtml"><p><b>Generated Narrative</b></p><div style="display: inline-block; background-color: #d9e0e7; padding: 6px; margin: 4px; border: 1px solid #8da1b4; border-radius: 5px; line-height: 60%"><p style="margin-bottom: 0px">Resource "example-3a-of-ext-meddisp" </p><p style="margin-bottom: 0px">Profile: <a href="StructureDefinition-ExtendedDispense.html">ExtendedDispense</a></p></div><blockquote><p><b>Related Medication</b></p><p><b>value</b>: MULTIPLE (Details: [not stated] code MULTIPLE = 'MULTIPLE', stated as 'null')</p><p><b>value</b>: <a href="related-med-disp-1">related-med-disp-1</a></p></blockquote><blockquote><p><b>Related Medication</b></p><p><b>value</b>: MULTIPLE (Details: [not stated] code MULTIPLE = 'MULTIPLE', stated as 'null')</p><p><b>value</b>: <a href="related-med-disp-2">related-med-disp-2</a></p></blockquote><p><b>identifier</b>: id: f219aa4e-5d10-4f3d-840d-a15e0dff2957</p><p><b>status</b>: completed</p><p><b>medication</b>: <a href="original-med-disp-1">original-med-disp-1</a></p><p><b>subject</b>: <span></span></p><blockquote><p><b>performer</b></p><p><b>function</b>: dispenser <span style="background: LightGoldenRodYellow; margin: 4px; border: 1px solid khaki"> ([not stated]#dispenser)</span></p><p><b>actor</b>: <span>: Pharmacist</span></p></blockquote><blockquote><p><b>performer</b></p><p><b>function</b>: dispensingOrg <span style="background: LightGoldenRodYellow; margin: 4px; border: 1px solid khaki"> ([not stated]#dispensingOrg)</span></p><p><b>actor</b>: <span>: Pharmacy X</span></p></blockquote><p><b>authorizingPrescription</b>: <span></span></p><p><b>quantity</b>: 1 Box<span style="background: LightGoldenRodYellow"> (Details: http://standardterms.edqm.eu/PAC code 30009000 = '30009000')</span></p><p><b>whenHandedOver</b>: 2021-07-19T13:00:00+02:00</p></div>
  </text>
  <extension url="http://example.com/fhir/example/StructureDefinition/relatedMedication">
    <extension url="relationType">
      <valueCoding>
        <code value="MULTIPLE"/>
      </valueCoding>
    </extension>
    <extension url="relatedMed">
      <valueReference>
        <reference value="related-med-disp-1"/>
      </valueReference>
    </extension>
  </extension>
  <extension url="http://example.com/fhir/example/StructureDefinition/relatedMedication">
    <extension url="relationType">
      <valueCoding>
        <code value="MULTIPLE"/>
      </valueCoding>
    </extension>
    <extension url="relatedMed">
      <valueReference>
        <reference value="related-med-disp-2"/>
      </valueReference>
    </extension>
  </extension>
  <identifier>
    <system value="http://dispense-identifiers.com"/>
    <value value="f219aa4e-5d10-4f3d-840d-a15e0dff2957"/>
  </identifier>
  <status value="completed"/>
  <medicationReference>
    <reference value="original-med-disp-1"/>
  </medicationReference>
  <subject>
    <identifier>
      <system value="http://naming.sns.gov.pt/fhir/patients"/>
      <value value="64110219106"/>
    </identifier>
  </subject>
  <performer>
    <function>
      <coding>
        <code value="dispenser"/>
      </coding>
    </function>
    <actor>
      <identifier>
        <system value="http://dispenser-identifiers.com"/>
        <value value="7c3aa173-3185-4001-a661-df36a7492798"/>
      </identifier>
      <display value="Pharmacist"/>
    </actor>
  </performer>
  <performer>
    <function>
      <coding>
        <code value="dispensingOrg"/>
      </coding>
    </function>
    <actor>
      <identifier>
        <system value="http://dispenser-identifiers.com"/>
        <value value="5b2e9903-fba7-4ed3-aa76-52d386012ca0"/>
      </identifier>
      <display value="Pharmacy X"/>
    </actor>
  </performer>
  <authorizingPrescription>
    <identifier>
      <system value="http://prescription-identifiers.com"/>
      <value value="69eb6358-6eb6-40e4-972f-33d22c3392c5"/>
    </identifier>
  </authorizingPrescription>
  <quantity>
    <value value="1"/>
    <unit value="Box"/>
    <system value="http://standardterms.edqm.eu/PAC"/>
    <code value="30009000"/>
  </quantity>
  <whenHandedOver value="2021-07-19T13:00:00+02:00"/>
</MedicationDispense>