{
  "resourceType": "ValueSet",
  "id": "relationtype-vs",
  "text": {
    "status": "generated",
    "div": "<div xmlns=\"http://www.w3.org/1999/xhtml\"><ul><li>Include all codes defined in <a href=\"CodeSystem-relationtype-cs.html\"><code>http://terminology.hl7.org/CodeSystem/relationtype</code></a></li></ul></div>"
  },
  "url": "http://example.com/fhir/example/ValueSet/relationtype-vs",
  "version": "1.0.0",
  "name": "RelationTypeVS",
  "title": "Relation Type for Related Medication Value Set",
  "status": "active",
  "date": "2021-11-24T08:33:00+00:00",
  "publisher": "My Organization",
  "contact": [
    {
      "name": "My Organization",
      "telecom": [
        {
          "system": "url",
          "value": "http://example.com/committees"
        },
        {
          "system": "email",
          "value": "my-group@example.com"
        }
      ]
    },
    {
      "name": "Bob Smith",
      "telecom": [
        {
          "system": "email",
          "value": "bobsmith@example.com",
          "use": "work"
        }
      ]
    }
  ],
  "description": "Indicates the relation of the related medication with the original medication",
  "jurisdiction": [
    {
      "coding": [
        {
          "system": "http://unstats.un.org/unsd/methods/m49/m49.htm",
          "code": "001",
          "display": "World"
        }
      ]
    }
  ],
  "compose": {
    "include": [
      {
        "system": "http://terminology.hl7.org/CodeSystem/relationtype"
      }
    ]
  }
}