{
  "resourceType": "MedicationRequest",
  "id": "example-3a-of-medReq",
  "text": {
    "status": "extensions",
    "div": "<div xmlns=\"http://www.w3.org/1999/xhtml\"><p><b>Generated Narrative</b></p><div style=\"display: inline-block; background-color: #d9e0e7; padding: 6px; margin: 4px; border: 1px solid #8da1b4; border-radius: 5px; line-height: 60%\"><p style=\"margin-bottom: 0px\">Resource \"example-3a-of-medReq\" </p></div><blockquote><p><b>Related Medication</b></p><p><b>value</b>: SINGLE (Details: [not stated] code SINGLE = 'SINGLE', stated as 'null')</p><p><b>value</b>: <span></span></p></blockquote><p><b>identifier</b>: id: 69eb6358-6eb6-40e4-972f-33d22c3392c5</p><p><b>status</b>: active</p><p><b>intent</b>: order</p><p><b>medication</b>: <a href=\"original-med-presc-1\">original-med-presc-1</a></p><p><b>subject</b>: <span></span></p><p><b>encounter</b>: <span></span></p><p><b>authoredOn</b>: 2021-07-19T09:00:00+02:00</p><p><b>requester</b>: <span>: GP</span></p></div>"
  },
  "extension": [
    {
      "extension": [
        {
          "url": "relationType",
          "valueCoding": {
            "code": "SINGLE"
          }
        },
        {
          "url": "relatedMed",
          "valueReference": {
            "identifier": {
              "system": "http://medication-identifiers.com",
              "value": "123"
            }
          }
        }
      ],
      "url": "http://example.com/fhir/example/StructureDefinition/relatedMedication"
    }
  ],
  "identifier": [
    {
      "system": "http://prescription-identifiers.com",
      "value": "69eb6358-6eb6-40e4-972f-33d22c3392c5"
    }
  ],
  "status": "active",
  "intent": "order",
  "medicationReference": {
    "reference": "original-med-presc-1"
  },
  "subject": {
    "identifier": {
      "system": "http://naming.sns.gov.pt/fhir/patients",
      "value": "64110219106"
    }
  },
  "encounter": {
    "identifier": {
      "system": "http://encounter-identifiers.com",
      "value": "0cf5dc52-28dc-43ce-96d2-3a757526c739"
    }
  },
  "authoredOn": "2021-07-19T09:00:00+02:00",
  "requester": {
    "identifier": {
      "system": "http://physician-identifiers.com",
      "value": "7c121778-5b2b-442d-9314-0a73995ab3dd"
    },
    "display": "GP"
  },
  "dosageInstruction": [
    {
      "route": {
        "coding": [
          {
            "system": "https://infarmed.gov.pt/codings/route_codes",
            "code": "2",
            "display": "Uso Oral"
          }
        ]
      }
    }
  ]
}